config_name,comparison,mean_vector_l2_distance,covariance_frobenius_distance,increment_mean_l2_distance,increment_covariance_frobenius_distance
advanced_1d_depth5,BS_vs_HEST,0.00013603979216178508,0.0019991977500253832,1.3603979216178844e-06,6.03713665093934e-07
advanced_1d_depth5,BS_vs_MERT,0.00841652311394982,0.03172885511395928,8.41652311394982e-05,0.00032650705280003124
advanced_1d_depth5,BS_vs_BATES,0.01324534117592931,0.033476957201915895,0.00013245341175929315,0.0003263874832035509
advanced_1d_depth5,BS_vs_FBM,0.023022049810782395,0.0014153465275203794,0.00023022049810782392,0.0003375489348983738
advanced_1d_depth5,MERT_vs_BATES,0.00482881806197949,0.0017481020879566156,4.8288180619794955e-05,1.1956959648036416e-07
advanced_1d_depth5,BS_vs_RVOL,0.2762653470284477,0.02434234796777452,0.0027626534702844775,2.6638986865331802e-05
advanced_1d_depth5,FBM_vs_RVOL,0.2992873968392301,0.0257576944952949,0.0029928739683923013,0.0003641879217637056
