config_name,comparison,mean_vector_l2_distance,covariance_frobenius_distance,increment_mean_l2_distance,increment_covariance_frobenius_distance
d20_depth3,A_vs_B,33.34536309718203,82.46102066764433,0.11115121032394013,0.016864210536768873
d20_depth3,A_vs_C,0.9992539455897769,791.6044047876189,0.003330846485299259,2.6098797722336347
d20_depth3,B_vs_C,33.28534171029107,790.9767758335258,0.11095113903430358,2.6108090097815086
d20_depth3,A_vs_D,1.0925303331327894,532.7330785452838,0.003641767777109297,1.7980451980794088
d10_depth5,A_vs_B,21.32862980174529,42.868141946289946,0.07109543267248426,0.008507579501818982
d10_depth5,A_vs_C,1.0210538892864032,773.80556836469,0.003403512964288007,2.612476756225224
d10_depth5,B_vs_C,21.54870337995498,771.9886882470402,0.07182901126651656,2.611078149103879
d10_depth5,A_vs_D,0.8821184140597371,280.50257355521006,0.002940394713532457,0.9007080102747055
