process,empirical_mean,empirical_variance,empirical_skewness,empirical_excess_kurtosis
G,-0.0020480232388985016,1.0056727954024989,0.00741023948183466,0.03181206740414444
S,-0.0011484142680478226,0.9868378830711981,0.9186859308114057,0.7546803389528214
T,-7.109992754288684e-05,1.002923902497216,0.04924915221261515,4.4367062512073545
